scorer,,,daniel,daniel,daniel,daniel,daniel,daniel,daniel,daniel,daniel,daniel,daniel,daniel,daniel,daniel,daniel,daniel,daniel,daniel,daniel,daniel,daniel,daniel,daniel,daniel
individuals,,,mouse1,mouse1,mouse1,mouse1,mouse1,mouse1,mouse1,mouse1,mouse1,mouse1,mouse1,mouse1,mouse2,mouse2,mouse2,mouse2,mouse2,mouse2,mouse2,mouse2,mouse2,mouse2,mouse2,mouse2
bodyparts,,,nose,nose,leftear,leftear,rightear,rightear,midsection1,midsection1,midsection2,midsection2,tailbase,tailbase,nose,nose,leftear,leftear,rightear,rightear,midsection1,midsection1,midsection2,midsection2,tailbase,tailbase
coords,,,x,y,x,y,x,y,x,y,x,y,x,y,x,y,x,y,x,y,x,y,x,y,x,y
labeled-data,Aj-Social-Test,img6634.png,447.6694301141108,645.8762951071528,449.1636436181464,664.9275172836071,462.23801177845814,653.7209160033399,465.5999921625383,666.4217307876427,487.63964134706373,675.0134584358475,518.0842414917896,680.99031245199,549.6495017645422,644.5688582911216,534.333813348177,627.7589563707209,524.8082022599499,646.0630717951573,518.271018179794,633.3622570108545,496.2313689952686,621.9688790425828,479.9817971388812,605.7193071861955
labeled-data,Aj-Social-Test,img6728.png,444.867779794044,693.1307971722795,462.7983418424715,692.0101370442528,455.3272743222933,674.826681747843,470.2694093626496,678.3754388199277,497.53880581129977,674.0795749958253,518.8313482438074,674.826681747843,812.4443017868077,691.6365836682437,817.113718986919,667.7291676036738,800.4905937545227,674.453128371834,806.2806710826608,662.1258669635401,804.2261275146118,652.0399258112997,802.5451373225717,643.074644787086
